<?xml version="1.0" encoding="UTF-8"?>
<!DOCTYPE mapper PUBLIC "-//mybatis.org//DTD Mapper 3.0//EN" "http://mybatis.org/dtd/mybatis-3-mapper.dtd">
<mapper namespace="com.example.demo.dao.BoardDao">
<!--  index_ffs는 인덱스의 개수를 병렬로 센다 -->
	<select id="count" resultType="int">
		select count(*) from board
		<where>
		<if test="writer!=null">writer=#{writer}</if>
		</where>
	</select>
	
	<select id="findAll" resultType="com.example.demo.dto.BoardDto$ForList">
	select * from
	(	
		select * rownum as rnum, b. * from
			(select bno, title, writer, readCnt, writeTime, commentCnt from board 
			<where>
				<if test="writer!=null">writer=#{writer}</if>
			</where>
			order by bno desc) b
		where rownum &lt;=#{end}
	)
	where rnum&gt;=#{start}
	</select>
</mapper>   